fold,model,MAE,MAPE_%,MedAPE_%,RMSE
2025-05-01..2025-07-01,HGB + level offset (final),113.45276849797432,4.623224439412911,1.8318785292616102,633.9783407239843
2025-05-01..2025-07-01,HGB no offset,114.26447369040335,4.651076845345584,1.854023523542727,634.319378161892
2025-05-01..2025-07-01,Huber log-linear,127.8012888614411,5.454847980835815,2.8757019612891703,638.4680071159546
2025-07-01..2025-09-01,HGB + level offset (final),130.2621880009939,5.988773166085939,2.5630192941338117,627.399520436206
2025-07-01..2025-09-01,HGB no offset,131.67385083307593,6.0708919857222545,2.632073563581932,628.8784744199432
2025-07-01..2025-09-01,Huber log-linear,119.40334039396589,5.38977238015069,2.7623484036292485,627.7746716330104
2025-09-01..2025-11-01,HGB + level offset (final),114.62190473137025,4.991598638056573,2.0717279470237324,636.1883184997803
2025-09-01..2025-11-01,HGB no offset,133.31003409453723,5.679218006001313,2.9121929616110727,641.7230568843627
2025-09-01..2025-11-01,Huber log-linear,169.43284104161668,7.243100945236999,4.616427171770453,653.4751517622502
